ID,Speaker,HeadProfile,CharLeft,CharMid,CharRight,Text,Background,BGM,Voice,Command,Note
1,旁白,hide,,,,,,,false,,源类型=type:txt_pb; 层级=0
2,旁白,hide,,,,你点点头，向后拉动套筒，为自己的配枪装填上一发全新的子弹。你们的脚步很慢、很稳，几乎背靠着背向前挪动。,,alex-morgan-dark-suspense-thriller,,"bgfade(sntzm_clark3_2,1)&unlockscene(clark3_2)&unlockmusic(Music14)",源类型=type:txt_pb; 层级=1
3,旁白,hide,,,,克拉克的枪管死死盯着转角处的阴影，你则牢牢护着他后背，随时准备应对从任何方向窜出的任何东西。,,,,,源类型=type:txt_pb; 层级=2
4,旁白,hide,,,,这段距离不足50米，感觉上却仿佛过了一个世纪，尤其是当你们从那条机械臂的下方小心翼翼地钻过时，你甚至能感觉到空气中那些若有若无的电流正蹭过你的后颈，带着一丝细微的麻痒，像是有双看不见的手正轻轻贴在那里,,,,,源类型=type:txt_pb; 层级=3
5,旁白,hide,,,,直到整个人安全走过那片区域，你才发现后脊已经生出了一层带着凉意的薄汗。,,,,,源类型=type:txt_pb; 层级=4
6,旁白,hide,,,,那枚黄铜色的弹壳依旧安安静静躺在墙角，像一个睡美人，等待着被某种东西重新赋予生机。,,,,"bgfade(sntzm_clark3_6,1)",源类型=type:txt_pb; 层级=5
7,旁白,hide,,,,克拉克走近了它，用那只戴着手套的左手将它缓缓拾起，漆黄的表面在月光下透着淡银的金属光泽，仔细端详，能从上面捕捉到一层带着湿气的烟灰。,,,,,源类型=type:txt_pb; 层级=6
8,旁白,hide,,,,他轻轻捻开那层烟灰，凑到鼻端闻了闻，烟味还很新鲜，说明留下这枚弹壳的人，离开这里还不到半小时。,,,,,源类型=type:txt_pb; 层级=7
9,克拉克,hide,Clark_confused,,,是骆驼牌，大卫从来不抽这种混合型烟，他只抽本地产的烤烟。,,,,"charfadein(L,1)",源类型=type:txt_Clark; 层级=8
10,旁白,hide,Clark_confused,,,你心头一惊，这句话直接印证了你们此前的猜测——这枚弹壳并非由大卫亲自射出，而是某人为了引诱你们故意留下的诱饵。,,,,"charfadeout(L,1)",源类型=type:txt_pb; 层级=9
11,旁白,hide,,,,你正想说些什么，脚下突然踢到了一个软乎乎的东西，你猛地挪开脚，用电筒照过去，一块被鲜血浸成暗红的绷带赫然映入眼帘。绷带的纤维还保留着一定韧性，没有完全被灰尘板结变硬。,,,,"bgfade(sntzm_clark3_11,1)",源类型=type:txt_pb; 层级=10
12,旁白,hide,,,,就在你打算将这个发现告诉同伴时，一滴鲜血落了下来，带着温热的触感，不偏不倚正巧滴在了你的手背上。,,,,"bgfade(sntzm_clark3_12,1)",源类型=type:txt_pb; 层级=11
13,你,hide,,,,！！！,,,,,源类型=type:txt_You; 层级=12
14,旁白,hide,,,,你几乎是立刻抬起头，手电光柱直直朝天花板射去——只见斑驳脱落的墙皮上，一双黑洞洞的眼窝正与你“四目相对”。,,,,"bgfade(sntzm_clark3_14,1)",源类型=type:txt_pb; 层级=13
15,旁白,hide,,,,那对失去了眼球的眼眶依旧在不断渗出血液，顺着塌陷的眉骨往下滑落，一滴接着一滴砸在你脚边的地板上。,,,,,源类型=type:txt_pb; 层级=14
16,旁白,hide,,,,不是左，不是右，更不是前后，而是......上——那个之前把你们引到这儿来的盲眼小孩，正通过一根绳子将自己挂在天花板上的横梁上，像一直蓄势待发的蜘蛛，居高临下地看着你们。,,,,,源类型=type:txt_pb; 层级=15
17,旁白,hide,,,,克拉克瞬间举枪瞄准，声音中再无之前的柔和与克制，只有被夺走同伴后，压抑不住的怒火。,,,,,源类型=type:txt_pb; 层级=16
18,克拉克,hide,Clark_withgun,,,下来。,,,,"charfadein(L,0.5)",源类型=type:txt_Clark; 层级=17
19,旁白,hide,Clark_withgun,,,他冷冰冰地命令道，这是你平生第三次听到他用这种语气对人开口讲话.......如果那东西真的可以算是人类的话。,,,,,源类型=type:txt_pb; 层级=18
20,旁白,hide,Clark_withgun,,,砰！,,,,"shake(screen,0.2,5)&charfadeout(L,1)",源类型=type:txt_pb; 层级=19
21,旁白,hide,,,,表面的僵持仅持续了一秒，炙热的子弹便从克拉克的枪口飞射而出，带着凌厉的破空之声，分毫不差地射断了悬挂男孩的粗绳。,,,,,源类型=type:txt_pb; 层级=20
22,旁白,hide,,,,瘦小的身躯重重摔落下来，扬起漫天灰尘，你攥紧了手里的枪死死盯着他，却见他只是抱着头蜷在地上，自始至终没有发出半点声音，只有鼻血混着鼻涕顺着指缝不断往外涌。,,,,,源类型=type:txt_pb; 层级=21
23,克拉克,hide,Clark_withgun,,,说！大卫在哪里？,,,,"charfadein(L,0.5)",源类型=type:txt_Clark; 层级=22
24,旁白,hide,Clark_withgun,,,又是一记雷鸣般的枪响，承载着克拉克对先前手软的悔恨，在男孩耳边猛地炸开。,,,,"charfadeout(L,1)",源类型=type:txt_pb; 层级=23
25,旁白,hide,,,,他几乎缩成了一只蛹，小小的身子颤抖地像被人电击过，狼狈而又可怜的模样让你忍不住怀疑克拉克做的是否有点太过，尤其是对于一个看上去未足20的男孩来说。,,,,"bgfade(sntzm_clark3_25,1)",源类型=type:txt_pb; 层级=24
26,旁白,hide,,,,但下一秒，这种想法便被一阵阴沉的笑声无情揉碎，那笑声不像是从一个孩子喉咙里发出来的，更像是一个饱经沧桑的成年男人，被掐住脖子时从肺缝里挤出来的低哑叫唤。,,,,,源类型=type:txt_pb; 层级=25
27,网瘾学徒,hide,,,,他......已经去了该去的地方，回到了老师的身边。,,,,,源类型=type:txt_Wyxt; 层级=26
28,旁白,hide,,,,他的声音干巴巴的，像枯萎的树叶贴墙摩擦时发出的咔咔声。半坐在地身子此刻正对着克拉克的方向，仿佛能透过这对空洞洞的眼窝，看到他脸上极其复杂的表情。,,,,,源类型=type:txt_pb; 层级=27
29,旁白,hide,,,,还未等你们对这番似是而非的话做出任何形式回应，那孩子便像是感觉到了什么似得，猛地抬起头，胸口随着呼吸剧烈起伏，最终爆发出一声刺耳的咆哮。,,,,,源类型=type:txt_pb; 层级=28
30,网瘾学徒,hide,,,,小偷！,,,,,源类型=type:txt_Wyxt; 层级=29
31,旁白,hide,,,,他从地上弹了起来，像一条没有骨头的软体动物，身体呈现出非人的弯折，却又带着一种经过训练的，诡异的协调性。,,,,,源类型=type:txt_pb; 层级=30
32,旁白,hide,,,,你猛地撞开克拉克，同时扣动扳机，子弹擦着男孩的耳边飞过，打在了身后的墙面上，溅起一片石屑。,,,,"bgfade(sntzm_clark3_32,1)",源类型=type:txt_pb; 层级=31
33,旁白,hide,,,,可男孩像是完全感受不到恐惧，看似瘦弱的身体展现出不可思议的迅捷和灵敏，一个下潜便轻易钻到了你的近前，你只感觉一团黑乎乎的东西在眼前一闪，脸上便结结实实地挨上了一记头槌。,,,,,源类型=type:txt_pb; 层级=32
34,你,hide,,,,呜！,,,,,源类型=type:txt_You; 层级=33
35,旁白,hide,,,,尖锐的剧痛与滞涩的眩晕像两股对冲的激流，在你的太阳穴里掀起一阵滔天巨浪。你握着枪的手猛地一松，整个人不由自主向后倒去，腰重重磕在了墙角的石台上，疼得你倒抽一口冷气。,,,,,源类型=type:txt_pb; 层级=34
36,旁白,hide,,,,你本以为对方会趁机要你性命，但预想中的追击并未如约而至。在将你这个碍事者轻易甩开后，他立刻调转矛头，手中的美工刀磨地雪亮，直逼克拉克帅气的脸庞。,,,,,源类型=type:txt_pb; 层级=35
37,旁白,hide,,,,砰！砰！砰！,,,,"shake(screen,0.2,5,0.2,3)",源类型=type:txt_pb; 层级=36
38,旁白,hide,,,,又是三声枪响划破了周围短暂的沉寂，每一颗子弹都沿着精确的轨迹扫向男孩的下盘，目的不是为了致命，却足以让他在皮开肉绽的剧痛下，失去一切反抗的筹码。,,,,,源类型=type:txt_pb; 层级=37
39,旁白,hide,,,,男孩跑动着，密集的弹道在他双腿的空隙间交织而过，他没有减速，甚至没有采取任何明显的规避动作，却总能抓住扳机扣动间那转瞬即逝的微妙窗口，让子弹擦着他的裤腿迷失在身后的黑暗之中。,,,,,源类型=type:txt_pb; 层级=38
40,网瘾学徒,hide,,,,别再想把她从我身边带走！你们这群懦夫，看我宰了你们！,,,,,源类型=type:txt_Wyxt; 层级=39
41,旁白,hide,,,,他的刀随着嘴里的叫骂声胡乱地劈出，没有留给你们任何疑惑或是惊叹的时间，克拉克侧闪避开了第一刀，却无法同样轻易地避开男孩的第二第三第四刀。,,,,"bgfade(sntzm_clark3_41,1)",源类型=type:txt_pb; 层级=40
42,旁白,hide,,,,鲜血喷涌出来，在晃动的手电光下拉出一道道猩红的弧线，与男孩流出的暗红血液混杂在一起，仿佛上演着一场血腥的华尔兹。,,,,,源类型=type:txt_pb; 层级=41
43,旁白,hide,,,,这些伤口并不致命，甚至只是堪堪划破克拉克战术背心上的几条裸露的纤维。,,,,,源类型=type:txt_pb; 层级=42
44,旁白,hide,,,,得益于克拉克不断后退留出的一段干净的空间，他立即组织起一次迅速且高效的反击——肌肉紧绷的手肘在一瞬之间爆发出惊人的力量，在男孩因盲目前刺而丢失重心的刹那，正中他脆弱的后颈。,,,,,源类型=type:txt_pb; 层级=43
45,网瘾学徒,hide,,,,呃啊......,,,,,源类型=type:txt_Wyxt; 层级=44
46,旁白,hide,,,,只听一声低哑的惨叫自他的喉咙里挤了出来，瘦小的身子当即软塌塌地向前栽倒，像一只泄气的皮球，在地上滚了两圈后终于禁止不动。,,,,,源类型=type:txt_pb; 层级=45
47,旁白,hide,,,,你捂着嗡嗡发疼的额头缓缓起身，冲击带来的余韵尚未消退，每走一步都仿佛踩在棉花上摇摇欲坠。,,,,,源类型=type:txt_pb; 层级=46
48,旁白,hide,,,,你咬着牙将地上的配枪重新捡起，准心在轻微的摇晃中再次对准目标，这具瘦弱的躯体依旧伏倒在地上，像一株被人踩踏过的枯草，连呼吸都微弱得几乎不可闻。,,litesaturation-horror,,unlockmusic(Music17),源类型=type:txt_pb; 层级=47
49,旁白,hide,,,,出于人道主义的精神追求，以及审问信息的现实需要。你们的枪口安静了下来，不再喷吐出致命的火舌，或发出尖锐的爆鸣声。它们只是维持着蓄势待发的紧绷姿态，虎视眈眈地审视着这头蛰伏的凶兽。,,,,,源类型=type:txt_pb; 层级=48
50,克拉克,hide,,,,别放松警惕，亚当。他随时可能突然跳起来。,,,,,源类型=type:txt_Clark; 层级=49
51,旁白,hide,,,,克拉克的声音没有因为危机的暂时解除而放松分毫，尽管胳膊上的伤口还在往外流血，他还是高举着枪口，随时警戒着对方的反扑。,,,,,源类型=type:txt_pb; 层级=50
52,旁白,hide,,,,事实证明，这种担心并非多余。只见他的身子在地上抽搐了两下，随即爆发出一阵低哑的笑声，就像一盘损坏的磁带，被录音机强行播放时发出的扭曲小调。,,,,,源类型=type:txt_pb; 层级=51
53,网瘾学徒,hide,,,,终于......找到你了，艾米丽。没想到......你一直在这群小偷手里。,,,,"bgfade(sntzm_clark3_53,1)",源类型=type:txt_Wyxt; 层级=52
54,克拉克,hide,,,,艾米丽？,,,,,源类型=type:txt_Clark; 层级=53
55,旁白,hide,,,,克拉克赶紧瞟了眼侧肩，这才后知后觉——在方才的乱刀挥舞中，自己腰包的绑带不知何时被他切断了。那预兆极大的前扑动作并非为了刺击，而是这家伙为了抢下他的腰包不得已露出的破绽。,,,,,源类型=type:txt_pb; 层级=54
56,旁白,hide,,,,而现在，那只真皮腰包正被他像命根子一样死死护在怀里。他粗糙的手指哆哆嗦嗦扯开腰包的搭扣，露出里面裹着黑布的一小方物件，那是克拉克之前从病房里回收的名牌，上面还带着几根泛着微光的金色发丝。,,,,,源类型=type:txt_pb; 层级=55
57,旁白,hide,,,,男孩将那截发束贴在自己满是血污的脸上，空洞的眼窝挤开两道血缝，像是在感受什么珍贵的温度。,,,,,源类型=type:txt_pb; 层级=56
58,网瘾学徒,hide,,,,你怎么变轻了，艾米丽。他们又给你绝食了吗？发质都变差了好多......,,,,,源类型=type:txt_Wyxt; 层级=57
59,旁白,hide,,,,克拉克额角的青筋猛地跳了跳，和你隔空对视了一眼。你们能从彼此的眼神中读出相同的震惊与诧异。,,,,,源类型=type:txt_pb; 层级=58
60,你,hide,,,,你认识她？B2—15病房的病人？,,,,,源类型=type:txt_You; 层级=59
61,旁白,hide,,,,你往前踏了一步，枪口在身体平衡感的恢复下逐渐平稳。可对方却仿佛完全忽视了你的问题，只是自顾自蹭着那截发丝，嘴角咧开一个诡异又温柔的笑。,,,,,源类型=type:txt_pb; 层级=60
62,网瘾学徒,hide,,,,没事的，艾米丽。等我杀光这群腐朽的大人，就带你到外面去......每天都让你吃得饱饱的，再也不用挨打挨饿。,,,,,源类型=type:txt_Wyxt; 层级=61
63,旁白,hide,,,,说完，他突然转过头，流着血泪的眼窝犹如黑洞般紧紧锁住你们的身形，窒息的压迫感四散而出，仿佛周围的空气都为之凝固。,,,,,源类型=type:txt_pb; 层级=62
64,旁白,hide,,,,克拉克刚想鸣枪示警，不料那男孩直接无视的手枪的威胁。带着一种信徒般的，自我献祭的狂热与决绝，利用你们一瞬的迟疑快速接近。,,,,"bgfade(sntzm_clark3_64,1)",源类型=type:txt_pb; 层级=63
65,旁白,hide,,,,连续扣动的扳机在他眼中宛如慢放，每一个微小的动作都精确计算了子弹的滑翔轨迹，就连那些直击要害的射击，也在他令人眼花缭乱的动作中错失目标。,,,,,源类型=type:txt_pb; 层级=64
66,旁白,hide,,,,如果说第一次避开克拉克的子弹可能只是运气，那么眼前的这场“表演”，则毫无疑问地向你们证明了——抓走大卫、并与你们战斗的，绝非一个普通的男孩，而是一个经过系统性训练和改造，的非人的怪物。,,,,,源类型=type:txt_pb; 层级=65
67,旁白,hide,,,,弹匣还未清空，克拉克便果断放弃了这件过时的武器，转而掏出军用匕首与敌人短兵相接。双方的冷兵器在咫尺的距离间相互撕咬，彼此交击后迸射出灼目的火花。,,,,"bgfade(sntzm_clark3_67,1)",源类型=type:txt_pb; 层级=66
68,旁白,hide,,,,克拉克的反击势大力沉，每次熟练的挥舞都带着巨大的动能，仅片刻的接触就险些将男孩的美工刀从手中击飞出去。,,,,,源类型=type:txt_pb; 层级=67
69,旁白,hide,,,,但后者鬼魅的灵巧则弥补了力量上的巨大劣势，瘦小的身躯即使在近距离的缠斗中也有如幽灵般飘忽不定，闪转腾挪间多次令克拉克的进攻无功而返。,,,,,源类型=type:txt_pb; 层级=68
70,旁白,hide,,,,随着战斗烈度的持续攀升，克拉克还未得到包扎的伤口再一次开裂，越来越多的鲜血流出体外，他引以为傲的力量也开始逐渐变得力不从心。,,,,"loadScript(sntzm_clark4, 1)",源类型=type:txt_pb; 层级=69; gotomainline=克拉克线4_1
